<?xml version="1.0" encoding="UTF-8"?>
<configuration>

	<appender name="FILE-AUDIT" class="ch.qos.logback.core.rolling.RollingFileAppender">
		<file>${user.dir}/log/application.log</file>
		<encoder class="ch.qos.logback.classic.encoder.PatternLayoutEncoder">
			<Pattern> %d{yyyy-MM-dd HH:mm:ss} - %msg%n</Pattern>
		</encoder>

		<rollingPolicy class="ch.qos.logback.core.rolling.TimeBasedRollingPolicy">
			<!-- rollover daily -->
			<fileNamePattern>${user.dir}/log/application.%d{yyyy-MM-dd}.%i.log</fileNamePattern>
			<timeBasedFileNamingAndTriggeringPolicy class="ch.qos.logback.core.rolling.SizeAndTimeBasedFNATP">
				<maxFileSize>10MB</maxFileSize>
			</timeBasedFileNamingAndTriggeringPolicy>
		</rollingPolicy>
	</appender>

	 <appender name="STDOUT" class="ch.qos.logback.core.ConsoleAppender">
	    <!-- Log message format -->
	    <encoder>
	      <pattern>%d{HH:mm:ss.SSS} [%thread] %-5level %logger{36} - %msg%n
	      </pattern>
	    </encoder>
	  </appender>
	  
	<logger name="com.caremark.peoplesafe" level="debug" additivity="false">
		<appender-ref ref="FILE-AUDIT" />
		<appender-ref ref="STDOUT" />
	</logger>
	
	<root level="error">
		<appender-ref ref="FILE-AUDIT" />
		<appender-ref ref="STDOUT" />
	</root>
	
	<root level="info">
		<appender-ref ref="FILE-AUDIT" />
		<appender-ref ref="STDOUT" />
	</root>


</configuration>